comprador,enlace_perfil,fecha,estrellas,titulo,descripcion
Domin√≥,www.amazon.es/gp/profile/amzn1.account.AECVAXGQWTFKCRF6ECXI6OCGRF5A/ref=cm_cr_arp_d_gw_btm?ie=UTF8,19 de noviembre de 2019,5,Muy comodo.," Esto de comprar un colch√≥n por internet sin probarlo es complicado a menos que ya lo hayas tenido o hayas podido probarlo en tienda, creo que es una compra muy importante y aunque las opiniones de la gente incluida las m√≠as puedan ayudaros, recomiendo probarlo, ya que lo que me puede parecer a mi c√≥modo a ti te puede parecer duro o blando.<br><br>Inicialmente yo prefiero colchones con muelles y algo de visco, siempre me han dado una mejor firmeza, pero debo reconocer que los √∫ltimos viscolastico que he comprado para mis hijos han sido muy c√≥modos.<br><br>He probado 2 modelos el Cala (firme media alta) y el Leah (alta), debes saber que tipo de firmeza necesitas, esto es importante, ya que la firmeza har√° que no te sientas hundido en la cama, y uno de los factores es el peso tuyo, dado mi peso, mi firmeza siempre que he buscado un colch√≥n es media alta, tirando m√°s bien a alta, ya que la primera vez que compre uno de este tipo, fue baja-media y al principio cuando te tumbas genial, pero despu√©s de un buen rato durmiendo, el colch√≥n se amolda a tu cuerpo y te atrapa, con lo que cuesta la movilidad y eso lo odio.<br><br>Con este colch√≥n tendr√°s una buena movilidad, es c√≥modo y firme a la vez, l√≥gicamente depender√° un poco de tu peso, pero para un peso hasta 80 kg estar√° bien el Cala y si pesa un poquito mas el Leah. Pero repito, tambien es como te guste a ti, ah√≠ gente que no soporta un colch√≥n duro, y otros no soportan un colch√≥n blando.<br><br>Como todo colch√≥n viscolastico debemos sacarlo de su bolsa y dejarlo encima de la cama por lo menos 1 d√≠a para que tome su forma final, aunque en pocas horas ya ver√°s que tiene forma, pero adoptar los casi 26 cm o 24cm que tiene de alto, le llevara alg√∫n tiempo, pero eso no quiere decir que no puedas dormir por la noche en el s√≠ solo lleva unas horas extendido.<br><br>Es una mezcla de visco y espuma, aunque cuando te subes encima es dif√≠cil diferenciarlo.<br><br>Por ultimo decir que no es lo mismo un colch√≥n de 150 con este tipo de dureza que uno de 90, por lo menos eso he notado yo, parece m√°s firme en uno de 90 que en uno de 150.<br><br>Creo que es una muy buena compra, pero repito, si tienes la posibilidad de probarlo antes de pedirlo no te llevaras sorpresas, ademas no s√© hasta qu√© punto se puede devolver un colch√≥n una vez abierto y probado. Este tipo de colch√≥n es f√°cil encontrarlo en tiendas, ya uno de marca desconocida es imposible, pero este si tienes la posibilidad de probarlo.<br><br>Nos viene envasado al vac√≠o y tambi√©n viene en una caja grande de Pikolin.<br><br>Tengo que decir que tambi√©n he probado otro de dureza m√°s firme de esta misma marca y me han parecido casi iguales, el confort era igual en ambos y quiz√°s si me ha gustado m√°s el de mayor dureza porque me gustan las camas firmes y que no tienda a hundirme, aunque en ninguno de ellos me hundo.<br><br>Ademas pr√°cticamente la √∫nica diferencia son unos pocos cm m√°s que tiene el modelo firme el modelo Pikolin Cala y ademas es m√°s econ√≥mico, as√≠ que es una posibilidad a tener en cuenta.<br><br>Saludos.
"
Maria Cruz,www.amazon.es/gp/profile/amzn1.account.AH6YPY3HE46RNRXYGY5VER3PCVIQ/ref=cm_cr_arp_d_gw_btm?ie=UTF8,29 de agosto de 2020,4,Poco uso," Solo lo he usado una noche despu√©s de esperar 48 horas como aconseja el fabricante.<br>No me ha gustado que no viniera en caja como dice que viene.<br>Esperar√© a usarlo m√°s para opinar .<br>Pero lo poco que lo he usado me ha parecido que me "" atrapa "" y me cuesta en los movimientos. Es como que se me hunde por mi peso. Peso 85 k
"
Blanconuclear,www.amazon.es/gp/profile/amzn1.account.AGIDT2D3WURBV52T6QHJHMI3COPA/ref=cm_cr_arp_d_gw_btm?ie=UTF8,2 de septiembre de 2020,5,Estupendo colch√≥n para descansar bien.," Tuve que dormir en casa de un amigo para darme cuenta de que mi colch√≥n era el causante de mi mal sue√±o.<br>Mir√© varias opciones y finalmente me decant√© por este colch√≥n. Y puedo asegurar que fue un acierto ya que mejor√≥ notablemente mi descanso. Y lo que m√°s me llam√≥ la atenci√≥n fue su fant√°stico precio.
"
Cristina Rodr√≠guez caballero,www.amazon.es/gp/profile/amzn1.account.AGRXKBP4RGIGWK7SWHNPVTNP3GXQ/ref=cm_cr_arp_d_gw_btm?ie=UTF8,21 de junio de 2020,5,Comodo," Es para mi hija y la verdad es que est√° encantada, ella pesa 50<br>Kilos y duerme estupendamente. Buena calidad y muy c√≥modo
"
Martin,www.amazon.es/gp/profile/amzn1.account.AEGRJLQZESLLCTTKIGKY66QA7LAQ/ref=cm_cr_arp_d_gw_btm?ie=UTF8,4 de marzo de 2020,5,Perfecto," Yevo unas semanas usandolo y esta bastante bien mui comodo , espero que aguante bien con el paso del tiempo demomento perfecto
"
Little K',www.amazon.es/gp/profile/amzn1.account.AE37BWDC4N7RC57MZGVRCDAU333A/ref=cm_cr_arp_d_gw_btm?ie=UTF8,27 de mayo de 2020,3,La marca para m√≠," El colch√≥n en s√≠ es bueno, pero se hunde por m√°s gama media que sea. Me lo quedo porque me ha solucionado el problema de espalda que ten√≠a üëçüèº
"
Cliente Amazon,www.amazon.es/gp/profile/amzn1.account.AGCLMN5RAIUL2JU6FE4C5ZQOGK7A/ref=cm_cr_arp_d_gw_btm?ie=UTF8,27 de agosto de 2020,5,ALMENOS LO RECIBI," Y NO COMO LOS GUANTES ROJOS DE COCINA
"
Andres,www.amazon.es/gp/profile/amzn1.account.AERLCDVHJFQSDFUYNZJWT7SWSMRA/ref=cm_cr_arp_d_gw_btm?ie=UTF8,16 de mayo de 2020,5,C√≥modo," Excelente el producto. A los pocos d√≠as de comprarlo, noto la diferencia. Descanso mucho mejor.
"
FRANCISCO ,www.amazon.es/gp/profile/amzn1.account.AH4UEB5PHBNYLFNLQOVK26QE6C2A/ref=cm_cr_arp_d_gw_btm?ie=UTF8,7 de marzo de 2020,5,Buena apariencia. Veremos lo que dura.," Firme, ligero y bien hecho. Veremos lo que dura. Lo dej√© tres d√≠as sin usarlo despu√©s de abrir el paquete para que se expandir√° completamente.
"
Koomando,www.amazon.es/gp/profile/amzn1.account.AEBEHSKQHEH35CLVMI2FSIMFKYBQ/ref=cm_cr_arp_d_gw_btm?ie=UTF8,23 de abril de 2020,5,Que descanso!!," Una compra excelente! Es todo lo que pod√≠a pedir, he mejorado mi descanso de una manera incre√≠ble.
"
Merysc,www.amazon.es/gp/profile/amzn1.account.AGRW5II5DVGHC3BPQMZ64NBB4R6Q/ref=cm_cr_arp_d_gw_btm?ie=UTF8,11 de noviembre de 2019,5,P E R F E C T O," Lo primero que debo decir es que tengo un colch√≥n de calidad premium, de viscoel√°stica, pero no quer√≠a comprar para mis hijos (de 6 a√±os) un colch√≥n tan caro por el riesgo que hay que se escape un v√≥mito o un pis...Con este colch√≥n he conseguido CALIDAD a un precio competitivo y tenemos colch√≥n para largo.<br><br>Para mi la descripci√≥n del producto es correcta y su firmeza es media-alta, aunque deb√©is de recordar que es viscol√°stica por lo que la sensaci√≥n al echarnos es muy agradable.<br><br>El colch√≥n viene enrollado (recordemos que es de viscol√°stica) y metido en una caja que podemos meter por ejemplo en el maletero. Una vez abrimos la caja nos encontramos el colch√≥n enrollado y super protegido por un pl√°stico grueso transparente. En las instrucciones Pikolin recomienda utilizar una tijera con extremos redondeados para abrir el pl√°stico sin da√±ar el tejido pero yo he podido abrirlo con las manos f√°cilmente. Os recomendar√≠a que lo abr√°is con las manos siempre que sea posible, y que si no pod√©is as√≠ lo hag√°is con much√≠simo cuidado.<br><br>Una vez que abrimos el colch√≥n y lo posamos sobre el somier hay que dejar tiempo para que la viscol√°stica hinche y tome su grosor final. En las instrucciones no pone nada pero he tenido otros colchones de este tipo y suelen indicar que hasta pasadas 24 horas el colch√≥n no est√° en su m√°ximo grosor, en este caso unos 24 cm. Pasado este tiempo el colch√≥n queda perfectamente. El descanso es correcto, para mis hijos est√° siendo muy c√≥modo y no nos genera calor.<br><br>Esteticamente parece que es un colch√≥n de una cara,  pero tiene 2: la A de visco con tela Stretch y la Cara B con polieter y malla<br><br>Pikolin recomienda moverlo habitualmente, no tiene porque ser de cara, pero si de lado.<br><br>La parte de la cara A es blanca, con un dibujo bonito. El lateral est√° formado por un tejido de algod√≥n (tipo lana, como de tapicer√≠a) de color gris/topo. La parte inferior, cara B, tambi√©n en este color, tiene un tejido tipo rejilla.<br><br>Esto es un tema personal, pero si ten√©is ni√±os os recomiendo proteger el colch√≥n ante escapes.<br><br>Me gusta que est√° fabricado en Espa√±a ;)<br><br>Os dejo unas fotograf√≠as que espero que os ayuden. En alguna pod√©is ver c√≥mo es el colch√≥n nada m√°s abierto (sin que la viscol√°stica haya tomado forma) y una vez pasadas unas horas.<br><br>En este producto Amazon pone a disposici√≥n del cliente un asistente para cualquier problema que pudiese ocasionarse, es una buena idea.<br><br>Espero que la informaci√≥n os sea de utilidad :)
"
David CC üî•,www.amazon.es/gp/profile/amzn1.account.AEMG7ZQDZDUY6WXGYTBATWSKT3RA/ref=cm_cr_arp_d_gw_btm?ie=UTF8,20 de diciembre de 2019,5,Confortable. Firmeza media - alta," Hemos colocado este colch√≥n en una de las habitaciones, como pod√©is ver en las fotos. Me he llevado una grata sorpresa y dir√≠a que es verdaderamente recomendable, principalmente por su comodidad, y esto se debe a que est√° confeccionado con tejido viscoel√°stico y espuma HR.<br><br>Podemos colocarlo tanto por la cara superior, como por la inferior, pero debemos tener en cuenta de que en cada una de ellas tiene unos materiales diferentes. Por un cara encontramos visco con tela Stretch y por la otra poliester y malla. Mejor probar y que cada uno elija la que m√°s le guste.<br><br>Parece mentira que llegue a alcanzar ese grosor, ya que ven√≠a enrrollado y guardado en una pack, pero en un par de d√≠as colocado sobre la base o somier recupera su forma. Es agradable al tacto e incorpora varias tecnolog√≠as que hacen de √©l un colch√≥n de calidad. Adem√°s de ser antibacterias, antihongos y anti√°caros, dispone de la tecnolog√≠a viscofoam, que consiguen aumentar el confort permitiendo al mismo tiempo la traspiraci√≥n, evitando que se caliente.<br><br>Tiene un precio elevado, pero os aseguro que es muy confortable. Suelo dormir en un colch√≥n m√°s econ√≥mico, de 135 de otra marca, y no tiene ni punto de comparaci√≥n.<br><br>Totalmente recomendable. Mejor probar.
"
joserra,www.amazon.es/gp/profile/amzn1.account.AENSFK2LU35CJPI7FKCAPA52KF6A/ref=cm_cr_arp_d_gw_btm?ie=UTF8,18 de noviembre de 2019,5,Un muy buen colch√≥n," Se trata de un colch√≥n d la casa Pikolin y modelo Cala, es un colch√≥n viscoel√°stico realizado en espuma HR, su medida es de 90x190,  su firmeza es alta, y lleva confort visco de calidad m√°xima,con protecci√≥n higi√©nica total.<br><br>El colch√≥n viene enrrollado y metido en una caja  con el logo de Pikolin y lo √∫nico que tenemos que hacer es sacarlo del pl√°stico en el que viene y dejarlo estirado encima de las l√°minas de la cama o en el propio suelo. Dependi ndo de que nos venga menor. Yo en mi caso lo he dejado estirado en el suelo hasta el momento de colocarlo, ya que no me molestaba en el suelo.<br><br>Es un colch√≥n de muy buena calidad pero su precio sin ning√∫n tipo de oferta me parece un poco excesivo para un colch√≥n de estas medidas, ya que es para una cama peque√±a.<br><br>Pero el colch√≥n es una pasada. Mi hijo por supuesto est√° encantado. Ahora solo me tengo que ocupar de que no intente saltar en √©l.<br><br>Es un colch√≥n muy recomendable y m√°s ahora que tiene un buen descuento
"
Niels,www.amazon.es/gp/profile/amzn1.account.AHDJZZ4KHBWU5E5XZKEBWLYZ55JQ/ref=cm_cr_arp_d_gw_btm?ie=UTF8,6 de diciembre de 2019,5,"Comodidad y confort,colch√≥n r√≠gido!!!"," Comentamos Pikolin Cala, colch√≥n viscoel√°stico y espuma HR, 90x190, firmeza media-alta, confort visco, calidad m√°xima, protecci√≥n higi√©nica total<br>Pues lo primero que me sorprenden es como viene el<br>Colch√≥n, impresionante !!! Viene en caja peque√±a de cart√≥n roja muy manejable Donde dentro nos encontramos con el colch√≥n envuelto y cerrado al vac√≠o ocupando el m√≠nimo espacio.<br>Una vez abierta la caja y quitado el pl√°stico cortando con cuidado de no da√±ar el colch√≥n,se estira en el suelo y hay que esperar unas 24 horas para que est√© coja la forma adecuada para su uso.<br>Pikolin ha sacado al mercado esta nueva gama de colchones de gama baja-media donde nos encontramos con distintas versiones que tienes de estos colchones Pikol√≠n:<br>-LEAH Espuma HR + Visco (24 cent√≠metros de altura).<br>-CALA Espuma HR + Visco ‚Äì Alta firmeza (26 cent√≠metros de altura).<br>-VEZA Muelles ensacados + Visco (28 cent√≠metros de altura).<br>Los tama√±os disponibles son:<br>-90 x 190 Cm;135 x 190 Cm;150 x 190 Cm;150 x 200 Cm;160 x 200 Cm.<br>Como principales caracter√≠sticas:<br>Este colch√≥n de espuma hr tiene visco en su cara principal y poli√©ter con malla transpirable en la otra, aportando as√≠ dos niveles de firmeza diferentes.<br>Trae tecnolog√≠a triple barrera ofrece una protecci√≥n higi√©nica total y permanente; act√∫a contra las principales causas de alergias: √°caros, bacterias y hongos.<br>Grosor de 26 cm y es dura pero se adapta.<br>Tambi√©n cuenta tecnolog√≠a confortcel que permite una ventilaci√≥n permanente y reduce los puntos de presi√≥n del usuario, aportando m√°xima adaptabilidad y resistencia consiguiendo que al moverte no se note si duermes acompa√±ado.<br>-Lo que m√°s me ha gustado : Presentaci√≥n inigualable para ll√©vartelo a casa de la manera m√°s c√≥moda y sencillo posible.<br>Con respecto al colch√≥n que es lo importante,es muy r√≠gido y as√≠ vez c√≥modo adapt√°ndose al peso de tu cuerpo,siendo muy suave.<br>No hace ruido como otros que he tenido,por ejemplo si est√°s acostado con el ni√±o nota enseguida que te est√°s levantando con este no se nota,es una pasada.<br>Es muy ligero y viene bien rematado los costuras y sin ning√∫n fallo que haya encontrado a primera vista.<br>-Lo que menos me ha gustado : Pues no tengo nada malo que decir por ahora,he descansado muy bien.<br>Respecto al precio este es el intermedio de los 3  mi parecido al LEAH pero de 26 cm de grosor,a√∫n as√≠ creo que es un precio m√°s que recomendado.<br>Seg√∫n estamos viendo est√°n gama de colchones de Pikolin son m√°s bien duros y r√≠gidos por lo que al que no le guste,estos no son los suyos.<br>Espero haberos ayudado !! Saludos!!
"
Cabbai,www.amazon.es/gp/profile/amzn1.account.AEIW7TQ6EHT6PAQGD4VL4ZAG4HGQ/ref=cm_cr_arp_d_gw_btm?ie=UTF8,18 de noviembre de 2019,5,Calidad en los detalles y una firmeza moderada," He probado con mucha ilusi√≥n este colch√≥n pues padezco de la espalda y a menudo me voy a dormir a otra habitaci√≥n con cama de 190x90 porque ronco. El actual est√° bien, pero a mi me gustan de l√°tex y el que tengo es de muelles: Bueno, pero de muelles.<br><br>El colch√≥n se entrega enrollado y sin aire. Esto hace que el volumen sea muy reducido, aunque los casi 17 kilos de peso permanecen inalterables. Y, a su vez, dentro de una caja de cart√≥n de Pikol√≠n. Una vez abierto, el fabricante recomienda dejarlo que recobre su forma original durante 48 horas. Plazo que he cumplido escrupulosamente y que es muy importante respetar para prolongar la vida √∫til y sin deformaciones del conjunto de descanso.<br>Carece de una funda extra√≠ble y lavable, pero por el contrario, la capa exterior es de gran calidad y garantizada por la vida √∫til del mismo colch√≥n. Est√° tratada del mismo modo que los culottes de ciclismo para evitar √°caros, hongos y olores.<br><br>Tras 2 noches intentando dormir en √©l, sin embargo, finalmente he tirado la toalla‚Ä¶<br>Mido 183 cm y peso 91 kg; complexi√≥n atl√©tica. Lo que viene a ser un t√≠o fuertote pero sin estar gordo. Esto lo digo de referencia, claro est√° ;).<br>El caso es que me hundo en el centro como si el colch√≥n quisiera atraparme y enviarme a las profundidades del averno. Cuando deber√≠a sostenerme y enviarme al Reino de Morfeo en su lugar. He pasado las 2 peores noches en mi casa de mi vida. Simplemente es demasiado blando para mi. Y eso que el fabricante lo cataloga como de firmeza media-alta.<br>No digo que con personas delgadas o ni√±os no llegue a ser c√≥modo. Esto del descanso es muy subjetivo. Pero no hay duda de que se hunde con usuarios a partir unos 80/85 kilos- mi mujer lo ha probado tambi√©n y le ocurre lo mismo-. Si a ti te gusta ese tipo de colch√≥n tirando a blandito, est√°s de suerte. Yo prefiero algo m√°s firme, casi duro, por lo que no me ha resultado c√≥modo. Esto no es algo malo en si o que reste un √°pice de calidad al colch√≥n. Simplemente es una cuesti√≥n de preferencias o gustos.<br><br>En conclusi√≥n, un colch√≥n menos firme de lo que esperaba y demasiado blando en los m√°rgenes de peso que he indicado. Aseg√∫rate bien antes de invertir los 375‚Ç¨ que cuesta el de 90. Si buscas un colch√≥n firme (como uno de l√°tex 100% o muelles + l√°tex, por ejemplo) o eres pesado, este no es tu colch√≥n con toda seguridad.<br>Sin embargo, hay otro modelo de la misma colecci√≥n llamado Veza que podr√≠a aportar algo m√°s de firmeza en teor√≠a. Ser√≠a cuesti√≥n de acercarte a una tienda f√≠sica a probar los 3 (Cala, Veza y Leah) y ya luego decidir donde realizar tu compra. Desde luego, la comodidad de que te lo traigan a casa es importante y el precio est√° en la l√≠nea de lo que cuestan este tipo de colchones. Incluso dir√≠a que sensiblemente m√°s barato que en la tienda especializada en descanso de mi barrio.
"
Alejandro's Mum,www.amazon.es/gp/profile/amzn1.account.AG4RNTOAQSPLUC4GQPG45FDRJ36A/ref=cm_cr_arp_d_gw_btm?ie=UTF8,11 de noviembre de 2019,4,Empaquetado bien protegido," Calidad-precio-servicio excelente. Empaquetado de Pikolin, dentro el colch√≥n enrrollado a su vez envasado al vac√≠o, a muy buen precio en comparaci√≥n con otros distribuidores y desde la comodidad de casa. Con la tranquilidad de que es aut√©ntico y la confianza que ofrece la marca.<br><br>En mi caso estoy encantada, no es el primer colch√≥n de Pikolin que tengo, y he probado tanto con interior de muelles como de espuma, el primero sobretodo al principio resulta super comodo y ahora se ha puesto de moda combinarlo con espuma/visco, sin embargo, tengo en casa de mis padres uno como este con interior de espuma con capa superior de viscofoam que a pesar de que han pasado los a√±os sigues descansando en √©l de maravilla.<br><br>Entonces? Pues es algo muy personal, pero personalmente la composici√≥n y firmeza media-alta de este me ha gustado, justa para el descanso correcto de la espalda pero resultando c√≥moda al adaptarse a la forma del cuerpo al tumbarnos.<br>A parte, puede elegirse una cara u otra en funci√≥n de nuestro gusto, lo que es un plus para que elijamos dentro de ser el mismo colch√≥n el lado que m√°s nos guste.<br><br>Hay que tener en cuenta que no se puede quitar la funda, aunque viene tratado para mantener durante toda su vida √∫til la higiene.
"
ùì£ùì±ùìÆ ùìµùì≤ùì∞ùì±ùìΩùì±ùì∏ùìæùìºùìÆ ùìØùì™ùì∂ùì≤ùìµùîÇ,www.amazon.es/gp/profile/amzn1.account.AGB7UO5KLYQAMUMVLEMIRMSOPR4Q/ref=cm_cr_arp_d_gw_btm?ie=UTF8,12 de diciembre de 2019,4,Es Pikolin ü§∑‚Äç‚ôÄÔ∏è.," Colch√≥n de 90 x 190.<br><br>La marca de toda la vida, la que est√° en Zaragoza, la que busca actualizarse cada d√≠a... Quien no conoce Pikolin? Y, quien no ha tenido un somier o un colch√≥n de esta marca?<br><br>Desde luego, es una marca por la que muchos hemos apostado a la hora del descanso de la familia y, en este caso, este colch√≥n lo est√° disfrutando mi hijo.<br><br>Como es para cama de 90 x 190, va genial de medidas en su litera, pero... el grosor si que es algo mayor de lo que necesitaba ü§¶‚Äç‚ôÄÔ∏è. Y es que la barrera superior queda algo justa, pero, como es el mayor y ya no tiende a caerse, no pasa nada!! El colch√≥n le encanta, duerme genial (es visco, faltar√≠a masü§£) y con su almohada de fibras est√° encantado!!<br><br>Solo tuvimos que abrirlo, dejarlo coger forma un finde que estuvimos fuera (aprovechamos) y ""listo para dormir""!!<br><br>Desde luego, muy buena opci√≥n de compra üëç. En cuanto le compre el saco n√≥rdico nuevo, os adjuntar√© fotos y as√≠ ver√©is el efecto en una cama infantil alta  üòâ.
"
Jorge Feced,www.amazon.es/gp/profile/amzn1.account.AF75FV2ZKRUPPVLXIXHIHZKMMN3Q/ref=cm_cr_arp_d_gw_btm?ie=UTF8,7 de abril de 2020,4,gu√≠a para poder decidirte," M√°s que analizar el colch√≥n como tal, ya que es una cuesti√≥n muy subjetiva y requiere muchos meses us√°ndolo, voy a intentar resolver una serie de dudas que todos nos solemos plantear a la hora de comprar un colch√≥n. El objetivo es que despu√©s de leer esta peque√±a gu√≠a sepas un poco m√°s lo que nos quieren contar con tanta palabrer√≠a.<br><br> La primera de ellas es, ¬øcada cu√°nto tengo que cambiar mi colch√≥n? Es una cuesti√≥n que depende mucho de las necesidades y del uso. Lo primero es que para aumentar la vida √∫til deber√°s rotar varias veces al a√±o el colch√≥n de posici√≥n. Pero, sea como sea, la vida √∫til suele estar entre 7 y 12 a√±os. Ojo, que un colch√≥n tenga m√°s garant√≠a no quiere decir que vaya a durar m√°s, algunas marcas lo utilizan como estrategia.<br><br> Otra de las preguntas m√°s importantes es, ¬øqu√© firmeza del colch√≥n necesito? Pues la respuesta depende de diversos factores, entre los que destacar tu peso y el tipo de sue√±o. Y tambi√©n las preferencias personales. Las personas que duermen de lado necesitan una firmeza m√°s suave, para aliviar la tensi√≥n en el hombro y prevenir dolores y problemas de espalda, pero a mayor peso deber√°s ir a√±adiendo m√°s firmeza.  Por ejemplo, ser√≠a recomendable para una persona con poco peso que duerme de lado un colch√≥n de firmeza media-suave o media. Aunque tambi√©n se debe de tener en cuenta si eres una persona que se mueve mucho, ya que necesitar√°s m√°s firmeza para moverte sin esfuerzos. Dicho esto, algunos expertos recomiendan colchones de firmeza media-alta<br><br>  A su vez, tambi√©n es importante si tenemos tendencia a tener mucho calor mientras dormimos. En este sentido, la firmeza de la cama puede ser determinante. Esto es as√≠ debido a que una cama m√°s suave, en la que tu cuerpo se acomoda y hunde, va a reducir el flujo de aire y dar√° m√°s calor.<br><br> ¬øCu√°l elijo? Pues la respuesta es bastante compleja. Lo cierto es que si tienes alg√∫n tipo de dolencia, ya sea de espaldas, cadera o, incluso rodillas, es importante que consultes la recomendaci√≥n de alg√∫n m√©dico. Las personas m√°s j√≥venes pueden dormir en cualquier colch√≥n de calidad aceptable y no sufrir ning√∫n tipo de dolor, mientras que personas con m√°s edad o con dolencias cr√≥nicas tienen que tener mucho cuidado a la hora de elegir. Por tanto, lo m√°s recomendable es pedir recomendaci√≥n a m√©dicos y especialistas.<br><br> Todo esto porque un buen colch√≥n, es decir, aquel que se adapte mejor a ti, que no tendr√° por qu√© ser el m√°s caro. El mejor para ti deber√° mantener la curvatura natural de tu columna si duermes boca arriba, y si duermes de lado, deber√° mantener alineada tu columna. Y, ¬øqu√© pasar√°? Pues, entre otros, que si el colch√≥n es demasiado blando para lo que necesitas, acabar√°s hundi√©ndote ligeramente y la columna no quedar√° en la posici√≥n adecuada. Ojo, esto no quiere decir que mayor firmeza sea siempre conveniente, como alguna gente cree, o que mayor suavidad sea mejor.<br><br> Otro de los aspectos a tener en cuenta, sobre todo para personas de una edad m√°s avanzada, es la altura del colch√≥n y la  altura del suelo. Cuanto menos esfuerzo se necesite para salir de la cama, es decir, desde que se ponen los pies en el suelo hasta levantarse por completo, mejor. Por ello, se debe de tener en cuenta la estatura de la persona y compararla con la del colch√≥n y el lugar donde la vamos a colocar, para que sea el adecuado.<br><br> ¬øQu√© tipos de colchones hay? Por un lado, tenemos los colchones de muelles y, por otro, los de espuma. Es importante destacar que no todos los colchones de muelles son malos, como los t√≠picos a los que se les saltaba un muelle. Por eso, es importante saber que dentro de los colchones de muelles hay tres grandes tipos. El primero de ellos, el tradicional (bic√≥nicos), se sigue usando para colchones de gama baja y se caracteriza por su ruido y por no ser independientes, afectando al confort . Por otro lado, tenemos los muelles de hilo continuo, una evoluci√≥n de los anteriores, que est√°n formados por una pieza √∫nica que evita que se salten los muelles. Por √∫ltimo, tenemos los muelles ensacados . Y, como dec√≠a al principio, junto a los colchones de muelles tenemos los colchones de espuma, que est√°n formados por distintos materiales. Y no olvidar que tenemos los colchones h√≠bridos, una mezcla de los dos. Por ejemplo, es muy habitual tener muelles ensacados y otras capas de espuma superiores y laterales, como en la marca Sonpura, especializada en este tipo de colchones.<br><br> ¬øQu√© es Espuma HR? Este t√©rmino hace referencia a un tipo de espuma que se considera de una buena calidad. Hace referencia al t√©rmino High Resilience (HR), que en castellano viene a ser ¬®Alta Resiliencia¬®. Este t√©rmino se utiliza para hacer referencia a la propiedad que tiene un material de volver a su posici√≥n normal o natural despu√©s de haber sufrido una fuerza. Estos colchones tienen una densidad en su espuma superior. Si esta espuma est√° en las capas superiores, suele dar una muy buena experiencia.<br><br>Ah, y ojo. Los colchones de espuma son los que llamamos mal viscoel√°sticos, pero no son completamente viscoel√°sticos, sino que tienen ciertas capas de ese material. En este sentido, cuanto mayor cantidad (kg/m3) mayor sensaci√≥n viscoel√°stica de suavidad. Respecto a esto, los colchones viscoel√°sticos no tienen el n√∫cleo de ese material, sino que pueden tener muelles, espuma hr u otro material<br><br>Esta son algunas de las cosas que debes de saber a la hora de pensar qu√© colch√≥n es el m√°s adecuado para ti. Tambi√©n hay otros aspectos a tener en cuenta, como la independencia de lechos en camas grandes para parejas. Los colchones de muelle bic√≥nico sufren mucho de esta sensaci√≥n, que podr√≠a definirse como esa sensaci√≥n que te ¬®atrae hacia tu pareja¬® aunque en realidad solo quieres que se calle y se duerma. No, en serio. Los colchones de muelles bic√≥nicos sufren mucho de esto y es inc√≥modo, ya que si una persona de mayor peso se sienta a tu lado, te quedar√°s hundido hacia ah√≠. Esto no ocurre con los muelles de hilo continuo o ensacado, ni en los de espuma + visco. Por tanto, estos √∫ltimos materiales har√°n que los movimientos de tu pareja no los sufras tu y te despierten. En fin, muchas cosas. Pero espero que con todas estas puedas tener m√°s informaci√≥n a la hora de saber qu√© estas comprando.<br>Una vez explicado esto, espero que sepas un poco m√°s a la hora de poder saber qu√© colch√≥n es el m√°s adecuado a lo que tu necesitas.<br><br>Respecto a esta gama, destacar que solo los encontramos en Amazon. O al menos a d√≠a de hoy. Es una pr√°ctica muy com√∫n entre fabricantes, que crean modelos espec√≠ficos para retailers determinados. Por un lado, el tope de gama es el modelo Veza, que tiene un n√∫cleo de muelles ensacados. Por otro lado, el Modelo Cala cuenta con espuma HR en el n√∫cleo y lo que ellos llaman viscofoam firm. Mientras que el modelo Leah solo emplea espuma HR. El viscofoam es el nombre que desde Pikolin dan a la viscoel√°stica. La viscoel√°stica, como hemos visto antes, destaca por su adaptabilidad y menor presi√≥n sobre el cuerpo.<br>Me gusta que utilice una capa superior recubierta con un Tejido Strech, al ser transpirable y no dar sensaci√≥n de rigidez. Es decir, cuando te sientas o tumbas se adapta mucho y no se queda r√≠gido.<br>Eso s√≠, me parece que el precio es bastante alto teniendo en cuenta que hay marcas con muelles ensacados, especializadas en ello, como puede ser Sonpura.
"
Zig√≥ptero,www.amazon.es/gp/profile/amzn1.account.AGRY2ALBKDMSO5RBBAJLUNVGNFYA/ref=cm_cr_arp_d_gw_btm?ie=UTF8,17 de noviembre de 2019,4,"Pikolin Cala, colch√≥n viscoel√°stico"," De la nueva gama alta de colchones Pikolin, √©ste es el mediano. Es el modelo Cala. Tiene una firmeza media alta, una cara viscoel√°stica y la otro de poli√©ster. Lo recibes enrollado al vac√≠o. Nada m√°s tienes que sacarlo y ponerlo en la cama y dejarlo reposar 48 horas para que adquiera su forma original. Obviamente es comod√≠simo. ¬øAlg√∫n inconveniente? S√≥lo se me ocurren tres:<br><br>--Si quieres darle la vuelta cada mes, son 16 kilogramos para mover. Pesa bastante.<br>--El siguiente es el obvio. El precio. Pero vale cada euro que cuesta.<br>--El √∫ltimo es una queja a Pikolin. ¬øSac√°is una gama alta y no ten√©is medida de 90x200? La mayor√≠a de las camas actuales ya son de dos metros. Entiendo que hace a√±os fuera una medida extraordinaria, pero ahora mismo ya no la es.
"
Ivan Lopez,www.amazon.es/gp/profile/amzn1.account.AFOCJ2ANPNY5Y2XVRSAZLF3XCXKQ/ref=cm_cr_arp_d_gw_btm?ie=UTF8,14 de noviembre de 2019,5,COLCH√ìN COMOD√çSIMO," Me ha sorprendido el perfecto empaquetado del colch√≥n. Llega en una caja roja estrecha, muy f√°cil de transportar. Al abrirla encontramos el colch√≥n enrollado, envuelto en pl√°sticos y sellado al vac√≠o.<br><br>Para sacarlo hay que retirar los pl√°sticos ( se puede hacer con la mano) con cuidado de no da√±ar el colch√≥n con un cuchillo o cutter. No son necesarios. Sorprende lo estrecho que es al sacarlo del pl√°stico, no medir√° m√°s de 7-8 cm de alto. Hay que dejarlo sin usar entre 24-48 horas (en mi caso a las 12 horas estaba totalmente expandido), para que recupere el aire y alcance su grosor normal (en este caso 26cm).<br><br>El colch√≥n se ve de mucha calidad, nada que ver con esos colchones baratos. Las telas, las costuras y los acabados son top. Se puede utilizar por los dos lados. Por uno es un tejido blanco un poco m√°s acolchado, y por el otro es un tejido gris tipo rejilla (m√°s fresco para el verano). Los laterales del colch√≥n son de una tela gris m√°s gruesa.<br><br>En mi caso lo he puesto por el lado m√°s acolchado (el blanco) y es comod√≠simo. Tiene un recubrimiento esponjoso que se amolda al cuerpo, y debajo viene la firmeza propia del colch√≥n. Es una pasada, parece que est√©s flotando.<br><br>Habiendo probado el modelo Leah y el Cala, te recomendar√≠a el Leah si te gustan los colchones de firmeza alta! Si te gustan m√°s esponjosos (manteniendo la rigidez justa), el Cala ser√≠a mi recomendaci√≥n. En cualquier caso ambos son muy buenos, y depender√° m√°s de la preferencia personal de cada uno.<br><br>En definitiva, me ha encantado este colch√≥n. Est√° muy bien hecho, buenos materiales, excelentes acabados y una comodidad que parece que est√©s flotando. Si est√°s buscando un colch√≥n de rigidez media, de calidad y de marca prestigiosa, debes considerar este Pikolin. No es barato, pero vale cada euro que cuesta. No te defraudar√°.<br><br>VALORACI√ìN: COMPRA MUY RECOMENDABLE<br><br>Saludos
"
Carlos Rod,www.amazon.es/gp/profile/amzn1.account.AEJ7662GXK6WV6IKXVLLGUB75KLQ/ref=cm_cr_arp_d_gw_btm?ie=UTF8,16 de noviembre de 2019,5,Estoy durmiendo genial," Tengo un apartamento en la playa y este colch√≥n me ha venido de lujo. Solo puedo decir que estoy durmiendo realmente bien. Un colch√≥n es algo muy personal ya que depende de nuestra forma de dormir y ello va a garantizarnos el descanso.<br><br>üì¶ El empaquetado, aunque sea algo muy superficial, es muy pr√°ctico. El colch√≥n viene enrollado en s√≠ mismo como un rulo. Lo hacen al vac√≠o, y de esa forma no ocupa espacio y para transportarlo es posible hacerlo en cualquier veh√≠culo y, por cierto, muy c√≥modo si hay que subirlo a una planta superior, como ha sido en mi caso. Yo solo he podido.<br>Cuando sacas el colch√≥n de la caja parece peque√±o y finito al estar al vac√≠o. En realidad han pasado dos d√≠as hasta que ha recuperado su volumen .<br><br>üõè Un colch√≥n nuevo, acostumbrado a dormir en uno de 1,50... Todo pintaba a que la noche iba a ser dura. Y todo lo contrario. He dormido genial y me he levantado como nuevo. El colch√≥n se adapta a nuestro cuerpo y no nosotros al colch√≥n. As√≠ que un 10. Adem√°s, los √°caros del polvo me producen estornudos y sinusitis y este modelo en concreto cuenta con la tecnolog√≠a de triple barrera actuando contra los √°caros, los hongos y las bacterias.<br><br>Totalmente recomendable. Adem√°s est√° avalado por una marca puntera y de prestigio.
"
Rainbow,www.amazon.es/gp/profile/amzn1.account.AHKCPNEARNNSPM4W5BCSCDQ2BR5Q/ref=cm_cr_arp_d_gw_btm?ie=UTF8,20 de noviembre de 2019,5,Calidad Pikolin," Se trata de Pikolin Cala, un colch√≥n viscoel√°stico y espuma HR, 90x190, firmeza media-alta.<br>La marca Pikolin es ya garant√≠a de calidad y como todos sus productos, este colch√≥n tambien est√° a la altura.<br>La firmeza es media-alta ,tal y como se indica. Nos lo entregan en una caja ,perfectamente compacto. Hay que abrirlo y dejarlo un tiempo para que coja su forma.<br>Proporciona un descanso profundo, cosa que es fundamental para tener una vida saludable y poder rendir en el trabajo.<br>La relaci√≥n precio - calidad es muy buena, a mi me ha encantado, y por eso os lo recomiendo!!
"
Casimemato,www.amazon.es/gp/profile/amzn1.account.AFMOKH5W5M2XATVC2I4VFKAWHPRA/ref=cm_cr_arp_d_gw_btm?ie=UTF8,25 de noviembre de 2019,5,Como dormir en las nubes," Ya hace a√±os que empec√© a usar los colchones de viscoel√°stica para olvidarme para siempre de los muelles. A√∫n recuerdo cuando todo el mundo dec√≠a que lo m√°s saludable para la espalda era tener un colch√≥n bien r√≠gido..., hasta que apareci√≥ el ""visco"" que se adapta a la presi√≥n del cuerpo y se ha podido comprobar que los problemas de espalda en mi caso han desaparecido. Adem√°s de que se nota que con este tipo de colchones te mueves mucho menos, el descanso es mayor y el sue√±o por lo general m√°s profundo.<br><br>Este colch√≥n viscoel√°stico con n√∫cleo de espuma HR es de firmeza media, aunque dispone de diferentes niveles de dureza en cada cara, por lo que tiene postura a no ser que queramos cambiar de sensaciones. Lo normal en este caso ser√≠a usarlo por un lado y solo  girar los pies a la cabeza cada cambio de estaci√≥n (cada 3 meses aproximadamente). Lleva un tratamiento higi√©nico contra √°caros, bacterias y hongos, tiene un grosor de 26 cm y es muy c√≥modo, dando esa sensaci√≥n de ingravidez que ofrecen este tipo de colchones de viscoel√°stica. Adem√°s este material es transpirable y at√©rmico, por lo que no da calor en verano como pasa con el l√°tex.<br><br>Sin duda un colch√≥n de marca contrastada que no defrauda. Si adem√°s le pones una almohada de visco, solo con tumbarte sobre √©l notaras la sensaci√≥n de que est√°s sobre una nube y te resultar√° mucho m√°s f√°cil conciliar el sue√±o. Yo me tumbo en mi postura preferida, cierro los ojos y en 2 minutos estoy frito.
"
üî•    QuickView    üî•,www.amazon.es/gp/profile/amzn1.account.AGTBIUGMPY4SXDY36JIQUGJTWRPA/ref=cm_cr_arp_d_gw_btm?ie=UTF8,23 de noviembre de 2019,5,"muy c√≥modo, se nota el cambio con mi anterior modelo"," En casa tenemos un colch√≥n modelo CALA y otro VEZA, el CALA lo uso yo y el VEZA mi marido, este es de menor grosor y es mas adecuado para mi peso. Los tenemos uno al lado del otro y no se nota mucho la diferencia de altura con la cama hecha.<br><br>El colch√≥n llega en una caja enrollado y precintado al vac√≠o. Al sacarlo empieza a coger la forma y en una hora lo tienes listo para su uso. No hay recomendaci√≥n de tiempo en las instrucciones pero nosotros esperamos un d√≠a para que los bordes terminaran de coger su forma.<br>Me ha sorprendido lo r√°pido que lo tienes listo para usar.<br><br>Ambos modelos tienen un confort similar, nada mas tumbarte la espuma de la superficie se adapta y da una sensaci√≥n muy confortable. La dureza esta bien ajustada, la sensaci√≥n al tumbarte es de 10. Se duerme de maravilla, desde que lo tengo la pulsera de sue√±o me indica que descanso mejor, me despierto menos por las noches.<br>Pensaba que el modelo dar√≠a calor, pero nada de eso, al menos ahora en invierno no tengo problemas de temperatura porque no da calor.<br><br>Desde el primer d√≠a he conseguido dormir genial, se nota que cada d√≠a el colch√≥n se va amoldando al cuerpo y se va adaptando poco a poco.<br>Por el momento genial, habr√° que esperar a ver como aguantan el paso del tiempo.
"
ANALISTA ANALIZADO,www.amazon.es/gp/profile/amzn1.account.AGO2IV53OABQDRN27PVGDWMNS7TQ/ref=cm_cr_arp_d_gw_btm?ie=UTF8,30 de noviembre de 2019,5,"DE LOS MEJORES PARA DESCANSAR PL√ÅCIDAMENTE, POR ESTE PRECIO ( 300) NI ME LO PENSABA"," Pikolin , recientemente ha renovado toda su gama de colchones viscoel√°sticos , en este caso tenemos el modelo  cala con una medida de 90x190.<br><br>Es un colch√≥n viscoel√°stico y en espuma con una firmeza media-alta con una grand√≠sima calidad que har√° que podamos descansar realmente bien.<br><br>Este colch√≥n destaca sobre todo por ser bastante firme , por lo que si os gusta dormir en un colch√≥n algo durito y que se adapta al cuerpo , es una muy buena opci√≥n , sin embargo si prefer√≠s una opci√≥n algo m√°s blando quiz√°s deber√©is mirar otra opci√≥n.<br>Es recomendado para usarlo con personas que no superen los 120 kg, y se adaptar√° a su posici√≥n de origen transcurridas 48 horas, por lo que no perder√° sus propiedades en poco tiempo.<br><br>El precio actual ronda los 300 euros , el cual me parece excepcional , si bien es cierto que el precio normal de 500 euros me parece algo excesivo.<br><br>En definitiva si quer√©is dormir pl√°cidamente y busc√°is un colch√≥n bastante firme , me parece una de las mejores opciones que podemos comprar hoy en d√≠a.<br>Personalmente me ha encantado , por lo que sin ninguna duda recomiendo su compra.
"
domo,www.amazon.es/gp/profile/amzn1.account.AGXOWGSIAJJW2CJEJDVAUM43KS7A/ref=cm_cr_arp_d_gw_btm?ie=UTF8,11 de enero de 2020,5,A medio camino entre firmeza y confort," Colch√≥n de firmeza media-alta, viene completamente al vac√≠o y envuelto, una vez desembalado el fabricante indica que recupera por completo su forma en 48 horas, pasadas 24 en mi caso ya ten√≠a su tama√±o, dispone de protecci√≥n higi√©nica anti √°caros, anti bacterias y anti hongos, una vez recuperada la forma mide unos 26 cent√≠metros de alto, esto es importante controlarlo sobre todo si lo queremos utilizar en la parte inferior de una cama nido, porque puede ser demasiado alto.<br>E podido probar 2 colchones de pikolin, ambos con 2 densidades diferentes, uno m√°s firme que el otro, y yo s√≠ que notaba r√°pidamente la diferencia, pero mi mujer que pesa 55 kilos pr√°cticamente dec√≠a que era iguales, yo que peso bastante m√°s que ella s√≠ que en el de firmeza media-alta me hund√≠a mas, aun as√≠ segu√≠a siendo c√≥modo, por lo que tienes elegir de acuerdo a tus gustos, tu peso, y lo que te guste que tu cuerpo se hunda m√°s o menos en el colch√≥n y te envuelva, tanto en colchones como en almohadas la mejor forma de acertar es probar, yo ahora mismo llevo 3 a√±os con la misma almohada, pero pase por otras 5 antes.
"
Indians,www.amazon.es/gp/profile/amzn1.account.AGJGP5VEYMU7EPMJEJKJOYD2LUJQ/ref=cm_cr_arp_d_gw_btm?ie=UTF8,14 de noviembre de 2019,5,Un descanso magn√≠fico.," El Pikolin Cala es un colch√≥n viscoel√°stico y espuma HR, la relaci√≥n de ambos materiales en el colch√≥n es la siguiente:<br><br>La espuma HR en su n√∫cleo y viscoel√°stica en su acolchado.<br><br>Los colchones de viscoel√°stica no son muy firmes, y necesitan otro material para que dar esa firmeza, y la soluci√≥n de Pikolin ha sido fabricar un colch√≥n con la mezcla de ambos materiales, esta mezcla en mi opini√≥n ha sido todo un √©xito, y ha acertado plenamente.<br><br>El colch√≥n es muy c√≥modo y firme.<br><br>El colch√≥n viene embalado al vac√≠o, debes retirar los pl√°sticos con la delicadeza debida, y sin pinchar el colch√≥n, √©ste retornar√° a su estado al 70% en unas dos horas, y al 100% en un par de d√≠as.<br><br>El colch√≥n Cala posee la tecnolog√≠a de Pikolin confortcel que permite una ventilaci√≥n permanente y reduce los puntos de presi√≥n del usuario, aportando m√°xima adaptabilidad y resistencia.<br><br>A la vez deciros que ambas caras son ideales para poder descansar de forma muy agradable, una de ellas es m√°s densa y firme que la otra, elige la que te sea m√°s c√≥moda.<br><br>La densidad y firmeza del colch√≥n Cala es media/alta.<br><br>En mi opini√≥n este colch√≥n de Pikolin es ideal para un descanso magn√≠fico, y puede ser usado en cualquier posici√≥n que tu uses, boca arriba, boca abajo, o de lado.<br><br>El colch√≥n mide 90 x 190 cm, y con un peso de 17 kilos aproximadamente.<br><br>La experiencia con este colch√≥n es muy positiva.
"
R√≠o y Tokio,www.amazon.es/gp/profile/amzn1.account.AF3PWYHJSTBB33OHZRQBL6NT3CGQ/ref=cm_cr_arp_d_gw_btm?ie=UTF8,24 de noviembre de 2019,5,"Muy c√≥modo. Firmeza media-alta. Protecci√≥n anti√°caros, antihongos y antibacteriana."," Adquir√≠ este colch√≥n para la cama de mi ni√±o, que es de 190 X 90 cm. Llega en una caja de dimensiones bastante reducidas teniendo en cuenta que dentro viene un colch√≥n. Este aspecto realmente me sorprendi√≥. El colch√≥n viene comprimido, enrollado, y para poder utilizarlo debemos sacarlo de la caja, desenrollarlo y esperar 48h para que recupere su forma.<br>Caracter√≠sticas m√°s importantes del producto:<br><br>‚úÖ La firmeza de este colch√≥n es media-alta. Personalmente me parece muy c√≥modo. Se descansa muy bien en √©l, aunque por supuesto este aspecto es muy personal.<br>‚úÖ Tiene un grosor de 26 cm.<br>‚úÖ Cuenta con una protecci√≥n anti√°caros, antibacteriana y antihongos.<br>‚úÖ Los materiales en el acolchado son espuma de poli√©ster y viscofoam. Los materiales en el n√∫cleo del colch√≥n son espuma HR y viscofoam firm. El tejido superior es diferente en ambas caras, siendo una de visco con tela Stretch y la otra de poli√©ster y malla. Tanto por la vista, como por el tacto, como por el buen descanso que ofrece, se aprecia que sus materiales son de buena calidad y que su elecci√≥n es muy acertada.<br>‚úÖ Resiste hasta 120 kg.<br><br>Me parece una gran adquisici√≥n. Es un lujo poder garantizar un buen descanso a toda la familia.<br><br>Espero que mi opini√≥n sobre este producto os resulte √∫til.
"
Mimi Mikado,www.amazon.es/gp/profile/amzn1.account.AFQYNHI7BC6ZVSUSVK7LENCQAA5Q/ref=cm_cr_arp_d_gw_btm?ie=UTF8,16 de diciembre de 2019,5,Calidad y comodidad," Cuando compras un colch√≥n de Pikolin viscoel√°stico esperas que pase lo que pase no te equivoques y el colch√≥n sea perfecto para tu descanso, es lo que esperas de la marca y es lo que esperas del producto. Y os aseguro que as√≠ es, No te vas a equivocar con un colch√≥n como este.<br><br>Teniendo en cuenta que su firmeza es meda-alta, es decir que no vas a notar que el colch√≥n se hunda o que sea ""blandito"", lo cierto es que es realmente c√≥modo, se amolda muy bien a la forma de tu cuerpo pero sin que sientas que est√°s en una cama de agua. Adem√°s seg√∫n muchos estudios lo indicado para un buen descanso es que el colch√≥n sea firme y no permita que tu columna se retuerza por efecto del hundimiento, as√≠ que en ese aspecto es perfecto.<br><br>Llega totalmente enrollado en su caja y necesitaremos abrirlo y dejarlo reposar durante aproximadamente 1 d√≠a para que coja su forma. Esto permite que sea sumamente sencillo de transportar si no lo abrimos, y que podamos conservarlo para un futuro en caso de no necesitarlo actualmente.<br><br>Quiz√° seas de los que prefieres colchones con menos firmeza, pero eso no quita que este tipo de colchones rebose calidad por los 4 costados. Totalmente recomendado.<br><br>Espero que este an√°lisis os haya servido. Un saludo!
"
Luis A.,www.amazon.es/gp/profile/amzn1.account.AFT7JKV3E552SER2N2QOHIJYJTUA/ref=cm_cr_arp_d_gw_btm?ie=UTF8,17 de noviembre de 2019,5,"SUAVE, COMODO Y FIRME."," En la cama de matrimonio tenemos un colch√≥n tambi√©n Pikolin de la gama Bultek, que es una maravilla, tiene unos tres a√±os y est√° como el primer d√≠a. Este modelo, Cala, de Pikolin se lo hemos puesto a uno de los ni√±os, al que tiene 8 a√±os, al mayor de 13 le hemos puesto el modelo¬†
"
El caballa,www.amazon.es/gp/profile/amzn1.account.AGPRWS2Z37SVK6EM5NGWIOSCNBAQ/ref=cm_cr_arp_d_gw_btm?ie=UTF8,25 de noviembre de 2019,5,"Espl√©ndido colch√≥n Pikolin Cala ,para dormir bien"," Pikolin lleva en el mundo de los colchones muchos a√±os m√°s de los que yo puedo recordar ,√≥sea eso quiere decir que tiene experiencia de sobras para fabricar colchones de calidad , como los de este estupendo colch√≥n CALA<br><br>Me ha llegado en un embalaje perfecto e impecable, y despu√©s de ponerlo en la cama he esperado hasta el d√≠a siguiente para estar segura de que despu√©s de sacarlo de su envase al vac√≠o, hab√≠a vuelto por completo a su estado original, as√≠ que despu√©s de dormir toda una noche la conclusi√≥n es que he dormido m√°s horas y mejor que nunca ,<br><br>En este colch√≥n viscoelastico y espuma ,debido a su prestaciones y la alta tecnolog√≠a de Pikolin ,da igual en la posici√≥n que duermas pues el descanso est√° asegurado y adem√°s cuando estas tumbado se adapta a la figura de tu cuerpo dando la sensaci√≥n que te abraza y todo ello sin perder su forma, tiene un grosor aproximado de 26 cent√≠metros y es de 90x190 cent√≠metros, este colch√≥n tiene dos niveles de dureza dependiendo de lado que pongas, adem√°s est√° protegido contra acaros bacterias y hongos etc etc , debido a su tecnolog√≠a este colch√≥n permite una ventilaci√≥n permanente la cual evita humedad .<br><br>Aunque no es habitual a veces dormimos dos en este colch√≥n ,y aunque cualquiera de los dos nos movamos no nos molestamos el uno al otro ,todo en este colch√≥n es c√°lida desde su caja y envasado,  hasta los tejidos costuras etc etc<br>Acabar√© diciendo que este colch√≥n lo utilizar√© m√°s adelante para la cama de mi hijo, as√≠ que con eso est√° todo dicho, ya que doy por seguro que √©l va a descansar y dormir espl√©ndidamente
"
Juan Fernandez,www.amazon.es/gp/profile/amzn1.account.AHTOC3LEWX7VH5NBGEL3XVPNPDRA/ref=cm_cr_arp_d_gw_btm?ie=UTF8,14 de noviembre de 2019,5,Colch√≥n Pikolin de espuma HR de firmeza media," Se trata de un colch√≥n fabricado por Pikolin y que corresponde con el modelo Cala. El colch√≥n tiene unas medidas de 90x190 cm. y una altura de 26 cm.<br>El colch√≥n se entrega enrollado por lo que para colocarlo basta quitar el pl√°stico y extenderlo sobre la cama, en unas horas recupera completamente su forma original.<br>Est√° fabricado con un n√∫cleo de espuma HR (Alta Resiliencia) que es una espuma fabricada a partir del Isocianato con densidades superiores a 25 kg., lo que le permite recuperar su forma original despu√©s de haber sido sometidos a una presi√≥n. Dicha espuma HR est√° fabricada con tecnolog√≠a propia de Pikolin, a la que ha denominado ""Confortcel"" que es un material formado por celdas con base sint√©tica y sobre este n√∫cleo de espuma HR se encuentra una capa de viscol√°stica con tecnolog√≠a ""Viscofoam"" tambi√©n propia de Pikolin y que consiste en la combinaci√≥n de dos capas de viscol√°stica superpuestas, la primera de fibra at√©rmica y la segunda de poli√©ster, a fin de proporcionar un mayor confort y mejorar la transpiraci√≥n, aunque cabe se√±alar que en este aspecto, la mejora es peque√±a y debido a las propiedades de la viscol√°stica no es el material m√°s recomendable para personas calurosas.<br>Por otra parte y debido a su altura, el colch√≥n no es apto para camas articuladas ya que para este tipo de camas se recomienda que los colchones no tengan un grosor superior a los 20 cm.<br>Una de las cosas que me han gustado es el hecho de que el colch√≥n tenga protecci√≥n ""triple barrera"", que no es otra cosa que un tratamiento dado al colch√≥n para ofrecer una protecci√≥n permanente contra las principales causas de alergia: √°caros, hongos y bacterias. Seg√∫n indica el fabricante la protecci√≥n es permanente :)<br>El aspecto del colch√≥n es muy bueno, me gusta especialmente el hecho de que tenga costuras en los laterales, tanto en la parte superior como en la inferior, de manera que contribuyan a mantener mejor la estructura del mismo.<br>Posee dos caras diferenciadas, una cara est√° dise√±ada en color crema y posee un tejido strech que resulta muy suave y agradable al tacto. Esta cara es la id√≥nea para utilizarla con tiempo fr√≠o ya que la viscol√°stica resulta m√°s envolvente y por tanto m√°s c√°lida. La otra cara est√° confeccionada con una tela de malla de alta transpiraci√≥n, por lo que es la cara id√≥nea para utilizar en tiempo c√°lido, aunque insisto que para los muy calurosos resultan m√°s adecuados otros tipos de colchones.<br>Y ahora vayamos a lo m√°s importante: ¬øc√≥mo es el colch√≥n de cara al descanso? Bien, tras haber dormido sobre √©l y haberle hecho unas cuantas perradas puedo decir que el colch√≥n me gusta. Posee una firmeza medio-alta que resulta bastante confortable aunque para mi gusto, un poco m√°s de firmeza a√∫n le habr√≠a ido de perillas (aunque cabe decir que me gustan los colchones bastante firmes); en cualquier caso he descansado bastante bien y en general el soporte lumbar y de la espalda han sido adecuados. Me ha resultado algo m√°s inc√≥modo a la hora de levantarme ya que el colch√≥n, al ejercer una mayor presi√≥n sobre √©l, tiende a hundirse en mayor medida y esto dificulta un poco el acto de incorporarse, aunque en cualquier caso es algo que muchas personas ni notar√°n.<br>Como he mencionado anteriormente, el tacto del colch√≥n es suave y agradable aunque es un factor poco importante ya que en mi caso concreto, lo primero que he hecho ha sido ponerle una buena funda. Tambi√©n es cierto que al principio not√© algo de olor pero tras dejarlo un par de horas, ya apenas se nota.<br>Me gustar√≠a poder especificar de una manera m√°s exacta qu√© tal se comporta el colch√≥n en ambientes c√°lidos pero dado que lo estoy probando en noviembre esa valoraci√≥n tendr√° que hacerse esperar.<br>En definitiva: se trata de un colch√≥n de buena calidad de fabricaci√≥n, con un acabado bastante bueno y unas buenas cualidades en cuanto a firmeza (media, media-alta) y confortabilidad. Se adapta bastante bien al cuerpo y no se hunde demasiado, salvo a la hora de incorporarse, que lo encuentro en exceso blando. En cualquier caso, salvando este inconveniente y a la espera de utilizarlo con tiempo c√°lido, hasta el momento estoy bastante satisfecho con √©l.<br>Por cierto, no adjunto fotos del colch√≥n extendido ya que no tengo espacio f√≠sico para captar la totalidad del colch√≥n...<br>Espero que esta opini√≥n te haya sido √∫til :)
"
Elsa,www.amazon.es/gp/profile/amzn1.account.AF7VENIPGRZNUKKKTI3VXRYKO7GA/ref=cm_cr_arp_d_gw_btm?ie=UTF8,16 de noviembre de 2019,5,"Pikolin, calidad a un precio justo"," Hemos probado este nuevo modelo de Pikolin y nuestra opini√≥n sobre √©l es muy buena. Firme, durito pero sin pasarse, muy confortable y con tratamiento anti√°caros, muy importante porque nuestro hijo es al√©rgico al polvo. Lleva unos d√≠as durmiendo en √©l y est√° encantado. No se hunde ni tiene ‚Äúmemoria‚Äù, por lo que al levantarse queda de nuevo con la forma original.<br>Tiene cara de invierno y cara de verano, la de verano con un tejido aparentemente transpirable. Viene enrollado y envasado al vac√≠o, hay que dejarlo coger forma durante unas horas y ya se puede utilizar. Est√° fabricado en visco y espuma de alta densidad, muy confortable y c√≥modo. Los hay m√°s baratos fabricados en estos materiales, pero la confianza que me inspira Pikolin para m√≠ es primordial.<br>Si quieres y puedes permitirte pagar un poco m√°s, el modelo Veza de Pikolin tiene una nueva tecnolog√≠a que es muy interesante. En definitiva, le doy cinco estrellas porque la relaci√≥n calidad precio que tiene este colch√≥n es excelente.<br>Salu2 üòÉ
"
Luis Miguel,www.amazon.es/gp/profile/amzn1.account.AFEPGQN2QN6URSYV6ELRSM75Q7XQ/ref=cm_cr_arp_d_gw_btm?ie=UTF8,20 de noviembre de 2019,5,Recupera su forma original poco a poco," Lo cierto es que un colch√≥n no se prueba en 2 d√≠as, sobre todo porque 2 dias es lo que necesita para recuperar la forma original ya que viene envasado como si fuese un embutido.<br>Al sacarlo de la bolsa se empieza a hinchar y recuperar la forma original, pero es mejor dejarle tranquilo 48 horas.<br>La verdad es que ha sido gracioso ver como ha pasado del m√≠nimo espacio a estar completamente hinchado 48 horas despu√©s<br>Le dejaremos un poco m√°s de momento y despu√©s habr√° que probarlo<br>Seguiremos informando seg√∫n vaya pasando el tiempo<br>Pasados los 2 d√≠as reglamentarios, se ha montado y empezado a usar<br>Han pasados unos d√≠as m√°s y me dice mi sobrino que es muy c√≥modo, pero que le ha costado hacerse al nuevo colchon.<br>Muy contentos todos con el colch√≥n
"
ü¶ä COYOTE ü¶ä,www.amazon.es/gp/profile/amzn1.account.AFQNE3K6WEOSUBI2MPCLYGHVAANQ/ref=cm_cr_arp_d_gw_btm?ie=UTF8,19 de noviembre de 2019,5,Fant√°stico colch√≥n con una dureza ideal," Maravilloso colch√≥n Pikolin que no defrauda. Es muy sorprendente ver c√≥mo te viene metido en una caja que es muy f√°cil de transportar y parece incre√≠ble que de ah√≠ salga un colch√≥n de 90x190 y que encima sea tan bueno.<br><br>La dureza es media, que para mi gusto es la m√°s indicada para un saludable descanso. Es s√∫per c√≥modo.<br>Es de espuma en su interior con visco en uno de sus lados y poli√©ster en el otro, y tienen diferentes grados de firmeza.<br><br>Es recomendable dar vuelta a los colchones de vez en cuando para que te duren m√°s tiempo, sobre todo cada cambio de temporada.<br><br>Lo recomiendo al 100 x 100 es un colch√≥n muy c√≥modo.
"
Franz,www.amazon.es/gp/profile/amzn1.account.AE3QJR57ESTXBP2BOURBLPQ7AA5A/ref=cm_cr_arp_d_gw_btm?ie=UTF8,17 de noviembre de 2019,5,gran comodidad y confort," Es un colch√≥n de una gran calidad. En mi caso se trata del modelo de medidas 90x190.<br>Es de viscol√°stica y de espuma.<br>Da un gustazo dormir en √©l. Es muy confortable y cuando te levantas est√°s relajado y descansado.<br>El nivel de firmeza es media-alta, para m√≠ es el ideal para que sea firme pero a la vez resulte c√≥modo y agradable. Me gusta que no se hunda, pero tampoco hace falta dormir en una tabla.<br>No es un colch√≥n muy econ√≥mico, los hay m√°s baratos, pero la calidad merece la pena.<br>Estamos encantados con √©l.
"
Aprendiz,www.amazon.es/gp/profile/amzn1.account.AF4FN5UBBB3VNLYOJ5W4KFPXUW7A/ref=cm_cr_arp_d_gw_btm?ie=UTF8,14 de noviembre de 2019,5,"A mi plin, yo duermo en un Pikolin."," Poco se puede decir de Pikolin, la marca es garant√≠a de calidad y este colch√≥n est√° a la altura.<br><br>La firmeza es media-alta. Viene muy bien preparado, totalmente comprimido y coge r√°pidamente su forma.<br>Proporciona un descanso profundo, la verdad es que no tengo problemas para dormir, tardo 5 segundos pero duermo muy poco y un buen descanso es fundamental para rendir bien durante el d√≠a.<br><br>La relaci√≥n precio - calidad es muy buena, si no te importa gastarte un poco m√°s tienes es modelo Veza que tambi√©n est√° genial.<br><br>VALORACI√ìN: recomendable.
"
AivliS,www.amazon.es/gp/profile/amzn1.account.AGBELGAFGB4GZBP2UHUJW2U2EW4Q/ref=cm_cr_arp_d_gw_btm?ie=UTF8,17 de noviembre de 2019,5,Muy comodo," La comodidad es increible, el colch√≥n de 90x190 es perfecto, firme y comodo, se duerme de maravilla en el. La relaci√≥n calidad precio es perfecta, estamos encantados con este colch√≥n.
"
jarrsam,www.amazon.es/gp/profile/amzn1.account.AFOTAQJITYXMSWEWFAS7RINC72XA/ref=cm_cr_arp_d_gw_btm?ie=UTF8,17 de noviembre de 2019,5,Muy c√≥modo," Despliegas y dejas reposar 24 horas<br>Se nota que es un colch√≥n top en los terminados, en esa ligera dureza inicial y en lo c√≥modo que es
"
